-- ============================================================
-- seed.sql — Dados iniciais extraídos do Excel
-- Contas a Pagar PF-2026 (Pessoais e mamãe).xlsx
-- ============================================================

-- ------------------------------------------------------------
-- PROFILES
-- ------------------------------------------------------------
INSERT INTO profiles (id, nome, cor) VALUES
  ('00000000-0000-0000-0000-000000000001', 'Alex/Cinthya', '#6366f1'),  -- indigo
  ('00000000-0000-0000-0000-000000000002', 'Maria',        '#f59e0b');  -- amber

-- ------------------------------------------------------------
-- SUBSCRIPTIONS (aba Assinaturas)
-- Mensais — cobradas no Nubank salvo indicação
-- ------------------------------------------------------------
INSERT INTO subscriptions (nome, tipo, dia_vencimento, frequencia, metodo_pagamento, valor) VALUES
  ('Globoplay',          'Streaming', 1,  'mensal', 'Nubank',  78.90),
  ('Microsoft 365',      'Cloud',     1,  'mensal', 'Nubank',  60.00),
  ('Claude AI',          'AI',        2,  'mensal', 'Nubank', 118.40),
  ('Revolut Premium',    'Finance',   2,  'mensal', 'Revolut', 19.99),
  ('CamScanner',         'App',       2,  'mensal', 'Nubank',  16.90),
  ('YouTube Premium',    'Premium',   3,  'mensal', 'Nubank',  53.90),
  ('ChatGPT',            'AI',        3,  'mensal', 'Nubank',  95.99),
  ('Allugator - S25',    'Devices',   5,  'mensal', 'Nubank', 337.03),
  ('Allugator - iPhone 16', 'Devices', 5, 'mensal', 'Nubank', 436.14),
  ('Splash and Go (YT)', 'Member''s', 7,  'mensal', 'Nubank',  19.99),
  ('Google Workspace',   'Business',  7,  'mensal', 'Nubank',  78.40),
  ('TIM - 7501',         'Telecom',   7,  'mensal', 'Nubank',  73.90),
  ('Time Fit',           'Gym',       10, 'mensal', 'Nubank', 189.90),
  ('Servhost',           'Business',  16, 'mensal', 'Nubank',  70.32),
  ('Leia Petshop',       'Pet',       19, 'mensal', 'Nubank',   1.90),
  ('TIM - 9141',         'Telecom',   22, 'mensal', 'Nubank',  129.99),
  ('Skeelo',             'Premium',   22, 'mensal', 'Nubank',   1.99),
  ('Minha Biblioteca',   'Premium',   23, 'mensal', 'Nubank',  16.99),
  ('Google One',         'Cloud',     24, 'mensal', 'Nubank', 196.89),
  ('The News Brasil',    'News',      26, 'mensal', 'Nubank',   1.90),
  ('Ora Telecom',        'Telecom',   26, 'mensal', 'Nubank',  36.90), -- 3 linhas
  ('Petz',               'Pet',       27, 'mensal', 'Nubank',  71.06),
  ('Leitura Dinâmica',   'Premium',   28, 'mensal', 'Nubank',  12.90),
  ('Petlove',            'Pet',       28, 'mensal', 'Nubank', 199.67),
  ('Shopee Parcelado',   'Devices',   28, 'mensal', 'Nubank', 100.00), -- estimado
  ('Meli+',              'Premium',   30, 'mensal', 'Nubank',  59.90),
  ('Car Scanner',        'Car',       30, 'mensal', 'Nubank',  18.90),
  ('Google Play Pass',   'Premium',   31, 'mensal', 'Nubank',   9.90);

-- Anuais
INSERT INTO subscriptions (nome, tipo, frequencia, metodo_pagamento, valor, data_venc_anual) VALUES
  ('Instant Save',   'Cloud',   'anual', 'Nubank',  35.90, '2026-05-18'),
  ('Sam''s Club',    'Member''s','anual', 'Nubank', 175.00, '2026-06-03'),
  ('F1 TV',          'Streaming','anual', 'Nubank', 409.00, '2027-02-27'),
  ('Flightradar 24', 'App',     'anual', 'Nubank', 112.90, '2027-03-02');

-- ------------------------------------------------------------
-- MONTHLY PERIODS — Abril 2026
-- ------------------------------------------------------------
INSERT INTO monthly_periods (id, profile_id, competencia) VALUES
  ('10000000-0000-0000-0000-000000000001', '00000000-0000-0000-0000-000000000001', '2026-04-01'),
  ('10000000-0000-0000-0000-000000000002', '00000000-0000-0000-0000-000000000002', '2026-04-01');

-- ------------------------------------------------------------
-- EXPENSES — Alex/Cinthya — Abril 2026 (aba Pessoal-Abril)
-- ------------------------------------------------------------
INSERT INTO expenses (period_id, profile_id, descricao, vencimento, valor, status, observacao, tipo) VALUES
  ('10000000-0000-0000-0000-000000000001', '00000000-0000-0000-0000-000000000001',
   'Mesada Bebel (€400)',        '2026-04-01', 2386.64, 'pago',    'Revolut',                   'normal'),
  ('10000000-0000-0000-0000-000000000001', '00000000-0000-0000-0000-000000000001',
   'Combustível (Logan)',         '2026-04-01',  255.14, 'pago',    'Pix Nubank PJ',              'normal'),
  ('10000000-0000-0000-0000-000000000001', '00000000-0000-0000-0000-000000000001',
   'Seguro Logan',                '2026-04-03',  574.98, 'a_pagar', 'Déb. Aut. Santander Cinthya','normal'),
  ('10000000-0000-0000-0000-000000000001', '00000000-0000-0000-0000-000000000001',
   'Ora Telecom',                 '2026-04-04',  119.90, 'a_pagar', NULL,                         'normal'),
  ('10000000-0000-0000-0000-000000000001', '00000000-0000-0000-0000-000000000001',
   'Cartão Santander Cinthya',    '2026-04-04', 1000.00, 'a_pagar', NULL,                         'normal'),
  ('10000000-0000-0000-0000-000000000001', '00000000-0000-0000-0000-000000000001',
   'Limite Santander Cinthya',    '2026-04-04', 1000.00, 'a_pagar', NULL,                         'normal'),
  ('10000000-0000-0000-0000-000000000001', '00000000-0000-0000-0000-000000000001',
   'Supermercado',                '2026-04-04',  541.56, 'pago',    'Sam''s | Mercado Livre Super','normal'),
  ('10000000-0000-0000-0000-000000000001', '00000000-0000-0000-0000-000000000001',
   'Banhos Leia',                 '2026-04-04',   80.00, 'pago',    'Pix Nubank PF',              'normal'),
  ('10000000-0000-0000-0000-000000000001', '00000000-0000-0000-0000-000000000001',
   'Cartão Santander PJ',         '2026-04-05',  279.46, 'pago',    NULL,                         'normal'),
  ('10000000-0000-0000-0000-000000000001', '00000000-0000-0000-0000-000000000001',
   'Equatorial',                  '2026-04-06',  652.09, 'a_pagar', NULL,                         'normal'),
  ('10000000-0000-0000-0000-000000000001', '00000000-0000-0000-0000-000000000001',
   'Terapia Cinthya (pacote)',    '2026-04-09', 1000.00, 'a_pagar', NULL,                         'normal'),
  ('10000000-0000-0000-0000-000000000001', '00000000-0000-0000-0000-000000000001',
   'Condomínio',                  '2026-04-10',  393.27, 'a_pagar', NULL,                         'normal'),
  ('10000000-0000-0000-0000-000000000001', '00000000-0000-0000-0000-000000000001',
   'Humana',                      '2026-04-10',  719.97, 'a_pagar', NULL,                         'normal'),
  ('10000000-0000-0000-0000-000000000001', '00000000-0000-0000-0000-000000000001',
   'Cartão Nubank',               '2026-04-15',   64.95, 'a_pagar', NULL,                         'normal'),
  ('10000000-0000-0000-0000-000000000001', '00000000-0000-0000-0000-000000000001',
   'Nio Internet',                '2026-04-20',  160.00, 'a_pagar', NULL,                         'normal'),
  ('10000000-0000-0000-0000-000000000001', '00000000-0000-0000-0000-000000000001',
   'Aguas de Teresina',           '2026-04-25',   NULL,  'a_pagar', NULL,                         'normal'),
  ('10000000-0000-0000-0000-000000000001', '00000000-0000-0000-0000-000000000001',
   'Assinaturas',                 '2026-04-30', 2499.61, 'a_pagar', NULL,                         'assinatura');

-- Atrasadas de Março — Alex/Cinthya
INSERT INTO expenses (period_id, profile_id, descricao, vencimento, valor, status, tipo) VALUES
  ('10000000-0000-0000-0000-000000000001', '00000000-0000-0000-0000-000000000001',
   'Equatorial',        '2026-03-05',  645.55, 'pago',    'atrasada'),
  ('10000000-0000-0000-0000-000000000001', '00000000-0000-0000-0000-000000000001',
   'Ora Telecom',       '2026-03-05',  119.90, 'a_pagar', 'atrasada'),
  ('10000000-0000-0000-0000-000000000001', '00000000-0000-0000-0000-000000000001',
   'Humana',            '2026-03-10',  739.64, 'pago',    'atrasada'),
  ('10000000-0000-0000-0000-000000000001', '00000000-0000-0000-0000-000000000001',
   'Ora Telecom',       '2026-03-17',   71.94, 'a_pagar', 'atrasada'),
  ('10000000-0000-0000-0000-000000000001', '00000000-0000-0000-0000-000000000001',
   'Aguas de Teresina', '2026-03-25',   95.88, 'a_pagar', 'atrasada'),
  ('10000000-0000-0000-0000-000000000001', '00000000-0000-0000-0000-000000000001',
   'TIM - 9141',        '2026-03-28',  129.99, 'pago',    'atrasada');

-- ------------------------------------------------------------
-- EXPENSES — Maria — Abril 2026 (aba Maria-Abril)
-- ------------------------------------------------------------
INSERT INTO expenses (period_id, profile_id, descricao, vencimento, valor, status, tipo) VALUES
  ('10000000-0000-0000-0000-000000000002', '00000000-0000-0000-0000-000000000002',
   'Condomínio',                       '2026-03-30',  992.38, 'a_pagar', 'normal'),
  ('10000000-0000-0000-0000-000000000002', '00000000-0000-0000-0000-000000000002',
   'Saque (espécie)',                   '2026-03-31', 2000.00, 'pago',    'normal'),
  ('10000000-0000-0000-0000-000000000002', '00000000-0000-0000-0000-000000000002',
   'Salário Lu',                        '2026-03-31', 2162.26, 'pago',    'normal'),
  ('10000000-0000-0000-0000-000000000002', '00000000-0000-0000-0000-000000000002',
   'Penhora Tayson',                    '2026-03-31', 7159.45, 'pago',    'normal'),
  ('10000000-0000-0000-0000-000000000002', '00000000-0000-0000-0000-000000000002',
   'Frigotil',                          '2026-03-31', 1095.46, 'pago',    'normal'),
  ('10000000-0000-0000-0000-000000000002', '00000000-0000-0000-0000-000000000002',
   'Banhos doguinhas (Renilda)',         '2026-04-01',  140.00, 'pago',    'normal'),
  ('10000000-0000-0000-0000-000000000002', '00000000-0000-0000-0000-000000000002',
   'Nio (internet)',                     '2026-04-01',  100.00, 'pago',    'normal'),
  ('10000000-0000-0000-0000-000000000002', '00000000-0000-0000-0000-000000000002',
   'Superm. (PDA, Carvalho, Ferreira)', '2026-04-01', 1137.19, 'pago',    'normal'),
  ('10000000-0000-0000-0000-000000000002', '00000000-0000-0000-0000-000000000002',
   'Lisbela',                           '2026-04-01',  400.00, 'pago',    'normal'),
  ('10000000-0000-0000-0000-000000000002', '00000000-0000-0000-0000-000000000002',
   'Manut. Split Eletroclux',           '2026-04-01',  220.00, 'pago',    'normal'),
  ('10000000-0000-0000-0000-000000000002', '00000000-0000-0000-0000-000000000002',
   'Folguista (Silvana) - passagens',   '2026-04-02',   70.00, 'pago',    'normal'),
  ('10000000-0000-0000-0000-000000000002', '00000000-0000-0000-0000-000000000002',
   'Férias Lu (15 dias)',                '2026-04-04', 1448.79, 'a_pagar', 'normal'),
  ('10000000-0000-0000-0000-000000000002', '00000000-0000-0000-0000-000000000002',
   'Equatorial',                        '2026-04-06',  975.33, 'a_pagar', 'normal'),
  ('10000000-0000-0000-0000-000000000002', '00000000-0000-0000-0000-000000000002',
   'Farmácias',                         '2026-04-09', 1000.00, 'a_pagar', 'normal'),
  ('10000000-0000-0000-0000-000000000002', '00000000-0000-0000-0000-000000000002',
   'Ortopedista',                       '2026-04-09', 3300.00, 'a_pagar', 'normal'),
  ('10000000-0000-0000-0000-000000000002', '00000000-0000-0000-0000-000000000002',
   'Pl. Saúde',                         '2026-04-15', 1864.23, 'a_pagar', 'normal'),
  ('10000000-0000-0000-0000-000000000002', '00000000-0000-0000-0000-000000000002',
   'Folguista (Silvana)',               '2026-04-18', 1600.00, 'a_pagar', 'normal'),
  ('10000000-0000-0000-0000-000000000002', '00000000-0000-0000-0000-000000000002',
   'eSocial',                           '2026-04-20',  656.99, 'a_pagar', 'normal');

-- Atrasadas de Março — Maria
INSERT INTO expenses (period_id, profile_id, descricao, vencimento, valor, status, tipo) VALUES
  ('10000000-0000-0000-0000-000000000002', '00000000-0000-0000-0000-000000000002',
   'Equatorial', '2026-03-06', 1062.77, 'pago',    'atrasada'),
  ('10000000-0000-0000-0000-000000000002', '00000000-0000-0000-0000-000000000002',
   'Condomínio', '2026-03-30',  992.38, 'a_pagar', 'atrasada');

-- ------------------------------------------------------------
-- LOANS — Alex/Cinthya (aba Pessoal-Abril)
-- ------------------------------------------------------------
INSERT INTO loans (profile_id, descricao, valor_emprestado, vencimento_atual, ultimo_vencimento, parcela_mensal, status) VALUES
  ('00000000-0000-0000-0000-000000000001', 'Karleth',  NULL,    '2026-03-31', NULL,         2980.00,  'a_pagar'),
  ('00000000-0000-0000-0000-000000000001', 'Inf.Pay',  3358.57, '2026-03-31', NULL,         3358.57,  'pago'),
  ('00000000-0000-0000-0000-000000000001', 'M.L. PF',  1315.00, '2026-04-01', '2027-01-01',  198.87,  'pago'),
  ('00000000-0000-0000-0000-000000000001', 'Nubank',   1000.00, '2026-04-03', '2026-07-03',  229.40,  'a_pagar'),
  ('00000000-0000-0000-0000-000000000001', 'M.L. PF',   103.00, '2026-04-06', '2027-03-05',   14.65,  'a_pagar'),
  ('00000000-0000-0000-0000-000000000001', 'M.L. PF',  1985.00, '2026-04-06', '2027-01-05',  285.89,  'a_pagar'),
  ('00000000-0000-0000-0000-000000000001', 'Shopee',    660.00, '2026-04-13', '2026-06-13',  287.49,  'a_pagar'),
  ('00000000-0000-0000-0000-000000000001', '99 Pay',    600.00, '2026-04-13', '2026-11-11',  109.99,  'a_pagar'),
  ('00000000-0000-0000-0000-000000000001', 'M.L. PJ',   230.00, '2026-04-14', '2026-04-01',  280.72,  'a_pagar');

-- ------------------------------------------------------------
-- INCOME ENTRIES — Alex/Cinthya — Abril 2026
-- ------------------------------------------------------------
INSERT INTO income_entries (period_id, descricao, valor) VALUES
  ('10000000-0000-0000-0000-000000000001', 'Ana',     2500.00),
  ('10000000-0000-0000-0000-000000000001', 'Maria',   5000.00),
  ('10000000-0000-0000-0000-000000000001', 'Clínica', 5000.00);

-- ------------------------------------------------------------
-- PAYROLL DEDUCTIONS — Proc. Tayson (aba Proc. Tayson)
-- ------------------------------------------------------------
INSERT INTO payroll_deductions (profile_id, data, descricao, valor, saldo_devedor) VALUES
  ('00000000-0000-0000-0000-000000000002', '2022-01-01', 'Valor condenação',   0.00,    -143000.00),
  ('00000000-0000-0000-0000-000000000002', '2026-03-31', 'Bloqueio folha - Maria', 7159.45, -135840.55);

-- ------------------------------------------------------------
-- PAYSLIP MIRROR — Maria — Abril 2026
-- ------------------------------------------------------------
INSERT INTO payslip_mirror (period_id, salario_bruto, bloqueio_judicial, previdencia, plano_saude) VALUES
  ('10000000-0000-0000-0000-000000000002', 39985.34, 7159.45, 5355.42, 717.87);
